tweet_id,hashtag
1647214085904138242,14Abril
1647213961929015297,BCN
1647212699544059905,NOTICIA
1647207870482489344,URGENTE
1647203600584646657,Barcelona
1647200357305446401,FARISTOLS
1647200357305446401,28M
1647199609188499459,URGENTE
1647199589475180545,FARISTOLS
1647199589475180545,28M
1647197389894107136,IA
1647197389894107136,UPC
1647197175489650688,Lawfare
1647194613575307266,Barcelona
1647189984661712896,ENTREVISTA
1647189765882535936,28M
1647189765882535936,MaragallMésQueMai
1647189765882535936,RepúblicaCatalana
1647189765882535936,ElFaxDe8tv
1647187677668581376,BarnaDiario
1647187677668581376,Barcelona
1647187469886955521,YoApoyoAAda
1647187155670687744,YoApoyoAAda
1647186785317863424,Lawfare
1647182483950034944,Lawfare
1647179894609027073,28M
1647179894609027073,Barcelona
1647178279202242561,URGENTE
1642711016344547330,Comunismo
1642711016344547330,Sumar2A
1642711016344547330,BuenasNoches
1642677332283457536,LaHora63
1642670845528080386,Pensamiento
1642668604632989697,TikTok
1642798573765926916,Economia
1642798573765926916,Politica
1642798573765926916,Noticias
1642792765015699458,Sumar2A
1642790131856818177,YoConPodemos
1642567114014728194,Sumar
1642564626297626624,Sumar
1642561092726452234,PSC
1642561092726452234,Colau
1642561092726452234,ERC
1642559505845067776,Comunes
1642559505845067776,IU
1642559505845067776,PCE
1642559505845067776,MásPaís
1642559505845067776,MásMadrid
1642559505845067776,Compromís
1642554381433274368,AquíParlem
1642554381433274368,BCN
1642553376117256194,Sumar
1642058001459687428,Tripartit
1642057696969912320,Tripartit
1642056240673988609,eleccionsbarcelona2023
1642049762206666752,SinComplejos
1642048372038160384,Deezer
1642039871593238528,Barcelona
1642806014129893377,Economia
1642804342234251264,Economia
1642854206359969792,EnJakeETB
1642853141803614208,ESPAÑA
1643146507128897538,28M
1643141274159947776,sitocanauna
1643141274159947776,respondemostodxs
1646580327324811283,AlertaLazi
1646580311889772549,Barcelona
1646571820156346368,AlertaLazi
1646567002713083904,ElVespre
1646563083798577190,Esplugues
1646562964785201152,elSubjetivo
1646558559671316480,Barcelona
1646558167877156874,Barcelona
1646558167877156874,progessief
1646558167877156874,woke
1646555556100833280,Barcelo
1646550174481670146,yolandadiaz
1646549491112108037,elSubjetivo
1646545977367470080,elSubjetivo
1646540020080164871,Barcelona
1646540020080164871,MaragallMésQueMai
1646539238559629313,OpinióLaMarina
1646538669119995905,Barcelona
1646536903938678784,elSubjetivo
1646534292942585856,Video
1646534292942585856,EsNoticia
1646534292942585856,Barcelona
1646533353602990080,Video
1646533353602990080,EsNoticia
1646533353602990080,Barcelona
1646530818742034435,NOATHEDISTRICT
1646522153154809863,BarcelonaSilenciosa
1646521852393840640,IA
1646521852393840640,UPC
1646519866273460226,LaMirilla
1646514369579335683,BoicotProductosCatalanes
1646510358654500864,BoicotProductosCatalanes
1645772265416454144,URGENTE
1645768108957638656,BCN
1645762109286805505,URGENTE
1645760251105255425,BCN
1645760193693638656,BCN
1645758372396822528,PARERA
1645758372396822528,VALENTS
1645749813521072128,URGENTE
1645747106966061058,Barcelona
1645746710319095813,AdaColau
1645746710319095813,discapacitat
1645746710319095813,BCN
1645746710319095813,28M
1645744036811091968,IA
1645744036811091968,UPC
1645743948453781506,IA
1645743948453781506,UPC
1645733303297748992,BCN
1645730214868049921,BCN
1645729389617770498,BCN
1645724515148652544,URGENTE
1645723895410880513,TrobadesNL
1645723477070999552,URGENTE
1645714939053473794,ForumEuropa
1645714939053473794,TribunaCatalunya
1645708404302704646,IA
1645708404302704646,UPC
1645707611264675840,trasparencia
1647630937394491392,ENTREVISTA
1647630937394491392,EleccionsBarcelona2023
1647628392437624838,URGENTE
1647623128695095296,ÚLTIMAHORA
1647622307991502849,MésSingulars
1647620290401169411,ÚLTIMAHORA
1647616537304416256,lawfare
1647613709043335169,MésSingulars
1647612650619011072,Barcelona
1647609382711046148,lawfare
1647605369810681856,MésSingulars
1647604850908078080,MésSingulars
1647604507289993216,MésSingulars
1647603303927234561,ÚLTIMAHORA
1647597804339052547,ÚLTIMAHORA
1647595135381696520,ÚLTIMAHORA
1647594765590970370,ÚLTIMAHORA
1647593835994796033,ÚLTIMAHORA
1647591654021365760,ÚLTIMAHORA
1647589493413670913,lawfare
1647584868560166912,ÚLTIMAHORA
1647584622207705089,guarralona
1647581524479320064,ÚLTIMAHORA
1647579852055216129,ÚLTIMAHORA
1647574986704470016,lawfare
1647573507226697728,lawfare
1647571100367310849,ÚLTIMAHORA
1647566902246473728,ÚLTIMAHORA
1647561900052365326,ÚLTIMAHORA
1647557402709962753,ÚLTIMAHORA
1647555437531738115,ENTREVISTA
1647555437531738115,EleccionsBarcelona2023
1647554379384250369,ÚLTIMAHORA
1647554146373976064,ÚLTIMAHORA
1647553712032718848,28M
1647552254432497664,ÚLTIMAHORA
1647551169890336769,lawfare
1647551169890336769,lawfare
1647550391083515907,ÚLTIMAHORA
1647549883635716096,ÚLTIMAHORA
1647547990314483716,ÚLTIMAHORA
1647547964351471616,ÚLTIMAHORA
1647547461701959682,ÚLTIMAHORA
1647546865557151744,SonMisAmigas
1647546865557151744,SomosFeministas
1647546865557151744,NiUnaMenos
1642922835973742597,Sumar2A
1642920691681964035,IreneMonteroDimision
1642920691681964035,GobiernoCriminalCorruptoyMentiroso
1642920691681964035,GriñanAPrision
1642920691681964035,stopinmigracionilegal
1642919447944912899,ESPAÑA
1642913674363846661,IreneMonteroDimision
1642913674363846661,GobiernoCriminalCorruptoyMentiroso
1642913674363846661,GriñanAPrision
1642913674363846661,stopinmigracionilegal
1645347981577670657,PARERA
1645347981577670657,VALENTS
1645347523492544513,Sumar
1645347523492544513,FelizLunes
1645345852041445377,PARERA
1645345852041445377,VALENTS
1645345683468156928,PARERA
1645345683468156928,VALENTS
1645345630389190661,PARERA
1645345630389190661,VALENTS
1645344519968247808,AMB
1645344519968247808,transportepublico
1645341407383543808,LaPaseata
1645336851086036993,Entrevista
1645335534342905859,Entrevista
1645334999820894208,Entrevista
1645333589922291712,Entrevista
1645319454220328963,Entrevista
1645313225519505408,Entrevista
1645311131978813441,PARERA
1645311131978813441,VALENTS
1645308744341889024,Entrevista
1645285150299701248,Entrevista
1645277874557968384,CampanyaElectotaldelPoble
1645263106937856000,Entrevista
1645258664998043654,Entrevista
1645236321768685574,Entrevista
1645233069224230915,Entrevista
1645180691624099840,Entrevista
1645178882625085441,Entrevista
1645177432670978048,Entrevista
1645177223941373953,Entrevista
1645173059953778688,Opinión
1645169043450544129,Entrevista
1645168559482339328,Entrevista
1645155140570103808,Entrevista
1645154775590223875,Entrevista
1645513948400156675,URGENTE
1645511374162870275,URGENTE
1645506752836763657,URGENTE
1645506459596386305,URGENTE
1645503529262501888,URGENTE
1645498508177444864,URGENTE
1645497899084652549,URGENTE
1645491744044195856,URGENTE
1645489618186387457,URGENTE
1645487186941210626,URGENTE
1645482332772618241,URGENTE
1645558541678419969,URGENTE
1645555764617003015,URGENTE
1645554592137068544,URGENTE
1645553892162252800,URGENTE
1645551056330412041,URGENTE
1645549400914112514,URGENTE
1645546653892370437,URGENTE
1645546056263041025,URGENTE
1645542512352739330,URGENTE
1645541780069265408,URGENTE
1645540182735704064,URGENTE
1645539767919185921,URGENTE
1645538713118621697,URGENTE
1645536529224278017,URGENTE
1645533473929609220,URGENTE
1645531122854510597,ComunismoEsMiseriaHambreYMuerte
1645529627904053254,URGENTE
1645528068285505537,CorrupcioCatalunya
1645527718270754816,URGENTE
1645527616474996738,URGENTE
1645526817757954065,URGENTE
1645523451476672514,URGENTE
1645522682648166412,URGENTE
1645522678432907264,URGENTE
1644319003337162753,GobiernoCorruptoyMentiroso
1644319003337162753,irenemonterodimision
1644319003337162753,GriñanAPrision
1644319003337162753,stopinmigracionilegal
1644318947225788417,Opinión
1644317894006677507,GobiernoCorruptoyMentiroso
1644317894006677507,irenemonterodimision
1644317894006677507,GriñanAPrision
1644317894006677507,stopinmigracionilegal
1644302914393915392,Opinión
1644302237655781376,Opinión
1644301011845099521,Opinión
1644299295703588867,Opinión
1644291579480272897,PorTiPorBarcelona
1644286554217627651,BronxCelona
1644284579417554947,HECD
1644284579417554947,Barcelona
1644284531959103491,Gava
1644283876913860608,Opinión
1644270891943985152,AMB
1644261074269532160,EFE
1644260008966647815,GobiernoCorruptoyMentiroso
1644260008966647815,irenemonterodimision
1644260008966647815,GriñanAPrision
1644260008966647815,stopinmigracionilegal
1644257558033489923,ecodistrito
1644257558033489923,sincoches
1644257558033489923,barcelona
1644255605312323585,BaixLlobregat
1644255605312323585,AMB
1644254468375031808,valents
1644254468375031808,cataluña
1644254468375031808,catalunya
1644254412125118464,valents
1644254412125118464,cataluña
1644254412125118464,catalunya
1644254341811826689,valents
1644254341811826689,cataluña
1644254341811826689,catalunya
1644241869721817088,Gava
1642983629444841473,CsTerrassa
1642983422711975938,DecreixementTurístic
1642981136430145544,OperaciónCataluña
1642981136430145544,PresidentMas
1642979379285245954,LaPaseata
1642970703849766912,Sumar
1642970452707495937,LaPaseata
1642968502255378434,LaPaseata
1642968031382077441,LaPaseata
1645135971644588034,Entrevista
1645131154410831875,Entrevista
1645129752020234243,Entrevista
1645122490610462723,Entrevista
1645106951838130177,Barcelona
1645106951838130177,BarnaDiario
1645084973257424897,Entrevista
1645084266794033153,Entrevista
1645083714383167490,Entrevista
1645079540841033728,Entrevista
1645079345117949954,Entrevista
1645063056265707522,PP
1647177646264967169,Barcelona
1647177646264967169,dret
1647175949950107648,Barcelona
1647175949950107648,dret
1647174316079849472,URGENTE
1647168163543674880,URGENTE
1647166165763117058,eleccionesmunicipales2023
1647163398180962307,URGENTE
1647162488616800258,Barcelona
1647160575242432512,Entrevista
1647159603694817281,URGENTE
1647156884150059008,ViviendasDerecho
1647154806170202112,Lawfare
1647154136318885888,Lawfare
1647153942667870208,Lawfare
1647148801285664769,URGENTE
1647148457398861828,URGENTE
1647145094561124355,Barcelona
1647142164172877824,Barcelona
1647142164172877824,dret
1647141396938145792,Barcelona
1647141396938145792,dret
1647137704574844928,14Abril
1647135835710537729,eleccionesmunicipales2023
1647135835710537729,PorTiPoBarcelona
1647135835710537729,PorLosTuyos
1647135324860997634,URGENTE
1647132716792524801,CampanyaElectotaldelPoble
1647132654024704000,ENTREVISTA
1647132654024704000,EleccionsBarcelona2023
1647131188132454401,youtube
1647131188132454401,photography
1647131188132454401,travel
1647131188132454401,valencia
1647131188132454401,spain
1647129712806838273,CampanyaElectotaldelPoble
1647120528031772676,14Abril
1647118137190481920,Barcelona
1647112335436251138,URGENTE
1647111658848890882,Barcelona
1647109735747911683,URGENTE
1647092516229881856,Barcelona
1647075008810823682,URGENTE
1647055784553902082,URGENTE
1647043124424761345,Barcelona
1647043124424761345,dret
1647023358708424704,Barcelona
1647018363711881218,URGENTE
1647012422916481024,prostitucion
1647012422916481024,Feminismo
1642549281167900675,Sumar
1642543457020309508,Ecoterrorista
1642541034939768833,Ecoterrorista
1642539659392688128,Ecoterrorista
1642539253652389889,Sumar
1642537621405540354,LaRoca63
1642537257826410498,Ecoterrorista
1642536521818316802,LaHora63
1642535673851682819,LaRoca63
1642535021012459521,LaRoca63
1642534845262823426,Sumar
1642534570179411970,LaRoca63
1642534159267577857,lawfare
1642532489360027648,Sumar2A
1642532489360027648,Sumar
1642532152679051264,Sumar2A
1642528642696658944,LaRoca63
1642527808617422848,Sumar
1642527307557486593,Sumar
1642524315634618368,Sumar2A
1642523794291019776,Sumar
1642523706227343361,Sumar2A
1642522785938300928,Sumar2A
1642521208099831808,Sumar2A
1642517644405362690,Ecoterrorista
1642514411465089026,pobreEspaña
1642510405326045184,Sumar2A
1642509637051097088,GobiernoCorruptoyMentiroso
1642509637051097088,irenemonterodimision
1642509637051097088,GriñanAPrision
1642509637051097088,stopinmigracionilegal
1642509152684761088,Catalonia
1642509152684761088,JusticeForSota
1642509101220483074,Ecoterrorista
1642508696650498051,Ecoterrorista
1642508467523993601,Barcelona
1642468872090443777,PSC
1642468872090443777,Colau
1642468872090443777,ERC
1642463800350633985,Sumar2A
1642460907518214145,LaBarcelonaSensata
1642459766243860488,municipals2023
1642459766243860488,AlcaldeCollboni
1642459766243860488,EnMarxa
1642458999101562880,YoSoloConPodemos
1642457261439172609,Sumar2A
1642455759328796672,Sumar2A
1642451211507888128,PSC
1642451211507888128,Colau
1642451211507888128,ERC
1642450327700926467,PSC
1642450327700926467,Colau
1642450327700926467,ERC
1642446285583142914,NOTICIA
1642436266552705026,FelizDomingo
1642436266552705026,Sumar2A
1642430408598994944,AquíParlem
1642430408598994944,BCN
1642427958525583360,Barcelona
1642426882942484481,CsTerrassa
1642423115476000771,AquíParlem
1642423115476000771,BCN
1642422731013595138,AquíParlem
1642422731013595138,BCN
1644832584948490242,ColauNoCompleix
1644803949118013440,Trias
1644803949118013440,Barcelone
1644803949118013440,PDeCAT
1644756501863571464,putaespanyaforever
1644756464467165186,putaespanyaforever
1644744158874042368,valents
1644744158874042368,cataluña
1644744158874042368,catalunya
1644729065448824835,Opinión
1644722162907983872,Opinión
1644721850897821703,Opinión
1644717867412119553,Opinión
1644715008746573827,Opinión
1644710732792057856,valents
1644710732792057856,cataluña
1644710732792057856,catalunya
1644710540835540995,valents
1644710540835540995,cataluña
1644710540835540995,catalunya
1644694067979190273,Opinión
1644682192021331970,valents
1644682192021331970,cataluña
1644682192021331970,catalunya
1644680467398926337,Opinión
1644676818002141184,Opinión
1644676463608860677,Opinión
1643037631360450560,TikTok
1643031775382233091,Cs
1643028621261455361,sitocanauna
1643028621261455361,respondemostodxs
1643020154983399425,OperaciónCataluña
1643020154983399425,PresidentMas
1642230314989760513,Barcelona
1642228878285348865,CsTerrassa
1642204154184581124,CsTerrassa
1642203774314852353,CsTerrassa
1642203595532541954,CsTerrassa
1642203595532541954,EleccionesMunicipales
1642203595532541954,Terrassa
1642185929384243201,Barcelona
1642179765401419776,democracia
1642179765401419776,DretALaSalut
1642179765401419776,DretAlDescans
1642176568670801921,NOTICIA
1642176563209818112,NOTICIA
1642176547305009153,NOTICIA
1642173058940010497,Barcelona
1646847771092164609,iNÚTILS
1646846602743541761,directebetevé
1646845724594786304,LeyVivienda
1646845392342884354,directebetevé
1646844358711291907,directebetevé
1646843724805160960,PolòniaTV3
1646843583935160321,directebetevé
1646843534249533440,directebetevé
1646837965044236289,LeydeVivienda
1646837965044236289,Barcelona
1646837377137012736,Barcelona
1646835571665321988,14DeAbril
1646830982144696320,directebetevé
1646830448201302018,ENTREVISTA
1646817136671588353,yateapañarás
1646815730661195779,ENTREVISTA
1646815574679506944,ENTREVISTA
1646815574679506944,EleccionsBarcelona2023
1646814717975973888,14DeAbril
1646811352894169090,BoicotProductosCatalanes
1646806982781747201,Barcelona
1644235290930716677,YoConPodemos
1644226379842564098,Barcelona
1644220846917967873,ecodistrito
1644220846917967873,sincoches
1644220846917967873,barcelona
1644157160689901568,FrauColau
1644114120776589319,Economia
1644102117274075138,YoconPodemos
1644092561173147648,YoconPodemos
1644083622473760770,Opinión
1644081446024278017,Barcelona
1644081446024278017,Barcelona
1644077013890678785,Opinión
1643361661800136705,Colau
1643361661800136705,TriasAlcalde
1643357646928617472,Sumar
1643346739728994309,sitoquenauna
1643346739728994309,responemtotxs
1643343345261895687,YoconPodemos
1643339357409927168,Colau
1643339357409927168,TriasAlcalde
1643338184749727749,Colau
1643338184749727749,Trias
1643338184749727749,Suïssa
1643337282613653514,Barcelona
1643337282613653514,canvi
1643337282613653514,Colau
1643337282613653514,TriasAlcalde
1643335542157762566,Colau
1643335542157762566,TriasAlcalde
1643323262804402177,Restar
1643320822876995587,Restar
1643320767772237824,Colau
1643320767772237824,TriasAlcalde
1643320209292361728,Colau
1643320209292361728,TriasAlcalde
1643319213052817409,Brigada100x100
1643319213052817409,MaragallMésQueMai
1643319213052817409,MunicipisRepublicans
1643318838333784064,Restar
1643318076740452353,Restar
1643315829449080832,Colau
1643315829449080832,TriasAlcalde
1643313973498920960,Colau
1643313973498920960,TriasAlcalde
1643313614709727242,Colau
1643313614709727242,TriasAlcalde
1643311575397199873,Colau
1643311575397199873,Barcelona
1643311575397199873,AlcaldeTrias
1643311518761598978,Colau
1643311518761598978,TriasAlcalde
1642780225464303618,OperaciónCataluña
1642780225464303618,PresidentMas
1642771610451992576,CampanyaElectotaldelPoble
1642771258881310721,portadas
1642765319017037825,NOTICIA
1642758770978594817,CampanyaElectotaldelPoble
1643506928021061632,Tarragona
1643506879811710978,BCN
1643496722679595008,Colau
1643496722679595008,TriasAlcalde
1643494039419863042,Tarragona
1643490929091772417,CampanyaElectotaldelPoble
1643490155116765184,Barcelona
1643483635553558530,Tarragona
1643467680236568576,Colau
1643467680236568576,TriasAlcalde
1643455052072230912,TrobadesNL
1642655127868788738,Comunismo
1642655127868788738,Sumar2A
1642655127868788738,BuenasNoches
1642655086412218368,IreneMonteroDimision
1642655086412218368,GobiernoCriminalCorruptoyMentiroso
1642655086412218368,GriñanAPrision
1642654436374847493,FerrerasGate
1642649938382278660,elFaxde8tv
1642649873576017923,CampanyaElectotaldelPoble
1642649844014522373,CampanyaElectotaldelPoble
1642648362234044417,SoloSumaPSOE
1642647197073256449,Sumar2A
1642645632216186882,MésSingulars
1642644776645275648,CampanyaElectotaldelPoble
1642644447140761600,OperaciónCataluña
1642644447140761600,PresidentMas
1642643024944431106,DomingoDeRamos
1642643024944431106,ConexiónHonduras5
1642643024944431106,CuartoMilenio
1642642225258438656,CampanyaElectotaldelPoble
1642642197613871106,elFaxde8tv
1642641817429524482,CampanyaElectotaldelPoble
1642641817429524482,Municipals2023NiunVot
1642641817429524482,CorrupcióCatalunya
1642641817429524482,EstampetesCorrupcioCatalunya
1642637834258460676,DomingoDeRamos
1642637834258460676,ConexiónHonduras5
1642637834258460676,CuartoMilenio
1642637460474568705,DomingoDeRamos
1642637460474568705,ConexiónHonduras5
1642637460474568705,CuartoMilenio
1643127326991851522,TeamVOX
1642815594335551488,UP
1642815594335551488,26J
1646776012766605315,Barcelona
1646774780979232769,Barcelona
1646771884803989505,PolòniaTV3
1646770370882465793,Barcelona
1646770264523382784,ENTREVISTA
1646770264523382784,EleccionsBarcelona2023
1646770171707629570,populismo
1646770171707629570,comunismo
1646761968961716224,OpinióLaMarina
1646754882186096642,Barcelona
1646754396598878212,Barcelona
1646748186495598592,Barcelona
1646745627647156225,NOTICIA
1646743653203714048,Video
1646743653203714048,EsNoticia
1646743653203714048,Barcelona
1646734326564892672,PolòniaTV3
1646668275156172801,Barcelona
1646661804775600129,Barcelona
1646650815866888192,LoMásLeído
1646648389554126849,LoMásLeído
1646646056753479681,Barcelona
1646642459424833536,PolòniaTV3
1646639733798326272,Video
1646639733798326272,EsNoticia
1646639733798326272,Barcelona
1646638849194356738,Barcelona
1646636755305545728,PolòniaTV3
1646635498469826561,PolòniaTV3
1646633663331815425,PolòniaTV3
1646632637744685056,Barcelona
1646631344665968640,PolòniaTV3
1646630686458097666,PolòniaTV3
1646629753871376389,PolòniaTV3
1646627719512301569,Barcelona
1646626732026281984,Barcelona
1646623882118299651,PolòniaTV3
1646621221922959360,pisswithoutdrop
1646620787938344960,PolòniaTV3
1646620732330323969,NOTICIA
1646620221971615754,PolòniaTV3
1646619698191106048,linkstuig
1646614198971973633,Barcelona
1646612298654425089,Barcelona
1646610408055136257,Barcelona
1646609704674643970,Barcelona
1646600593002094592,Barcelona
1646597195561410562,Barcelona
1646596621185032192,Barcelona
1646594590034612240,Barcelona
1646591375004016640,Barcelona
1646589239935614977,ELMÉSVIST
1646589238362755075,ELMÉSVIST
1643218678778036224,elecciones
1643218678778036224,Barcelona
1643218678778036224,Tribuna
1643215174902358018,Barcelona
1643208773698289667,Sumar
1643201004995788802,womenpower
1643201004995788802,futurecities
1642583761177935873,TrileraEnComú
1642583761177935873,NOESPOT
1642582762786832388,MeToo
1642582466257887232,EmergènciaClimàtica
1642580690846752768,Esplugues
1642578712804614145,Esplugues
1642575025566883842,YolandaDiaz
1642575025566883842,adacolau
1642575025566883842,mema
1642575025566883842,Sumar2A
1642571130568429568,AquíParlem
1642571130568429568,BCN
1646505695829737477,Video
1646505695829737477,EsNoticia
1646505695829737477,Barcelona
1646497809472929793,OpinióLaMarina
1646495747813064704,Video
1646495747813064704,EsNoticia
1646495747813064704,Barcelona
1646491239166902272,OpinióLaMarina
1646491155641638912,elSubjetivo
1646489292196450304,BCN
1646486846459768832,OpinióLaMarina
1646485979232911362,elSubjetivo
1646485011799973888,CFGS
1646484300735315970,OpinióLaMarina
1646482841633538048,elSubjetivo
1646479368754012161,OpinióLaMarina
1646476748236750848,NOTICIA
1646475985620017152,elSubjetivo
1646474843754315777,elSubjetivo
1646473561811439616,elSubjetivo
1646470496886636545,CFGS
1646469463573708802,Video
1646469463573708802,EsNoticia
1646469463573708802,Barcelona
1646463660229816322,CFGS
1646461560058007552,iluminao
1646459563653189635,Video
1646459563653189635,EsNoticia
1646459563653189635,Barcelona
1646457842927378432,CFGS
1646457290520756225,CFGS
1646457290520756225,PortesObertes
1646457290520756225,dissenyvideojocs
1646457290520756225,realitatvirtual
1646457290520756225,videogames
1646457290520756225,virtualreality
1646457290520756225,videojuegos
1646457290520756225,realidadvirtual
1646455704352432129,Video
1646455704352432129,EsNoticia
1646455704352432129,Barcelona
1646454328507473921,Video
1646454328507473921,EsNoticia
1646454328507473921,Barcelona
1646454321045995532,Video
1646454321045995532,EsNoticia
1646454321045995532,Barcelona
1646453841406115845,Video
1646453841406115845,EsNoticia
1646453841406115845,Barcelona
1646453741346856963,Video
1646453741346856963,EsNoticia
1646453741346856963,Barcelona
1646451431061241856,inforac1
1646449815998324737,CTESC
1646445442060754945,Video
1646445442060754945,EsNoticia
1646445442060754945,Barcelona
1646445442060754945,Okupacion
1646445442060754945,Barcelona
1646445169485438977,CTESC
1646444170012241922,Actualidad
1646444170012241922,EsNoticia
1646444170012241922,Barcelona
1646444170012241922,Politica
1646444170012241922,España
1646440701939310592,DomusVi
1642506896954257409,NOTICIA
1642504367109558273,Ecoterrorista
1642504165367730176,GobiernoCorruptoyMentiroso
1642504165367730176,irenemonterodimision
1642504165367730176,GriñanAPrision
1642504165367730176,stopinmigracionilegal
1642498860386754560,AquíParlem
1642498860386754560,BCN
1642498572451995648,PSC
1642498572451995648,Colau
1642498572451995648,ERC
1642498263013113856,PSC
1642498263013113856,Colau
1642498263013113856,ERC
1642497739371020289,lawfare
1642496991572664322,Barcelona
1642496991572664322,Madrid
1642496991572664322,Sumar2A
1642496518518108163,GobiernoCorruptoyMentiroso
1642496518518108163,irenemonterodimision
1642496518518108163,GriñanAPrision
1642496518518108163,stopinmigracionilegal
1642496178989445122,Sumar2A
1642494718066978816,Barcelona
1642494718066978816,BarnaDiario
1642492852260204547,sumar
1642492301778853889,Sumar2A
1642492148380573696,PSC
1642492148380573696,Colau
1642492148380573696,ERC
1642490894984134658,Sumar2A
1642485588224868357,Sumar2A
1642480550945456139,Ecoterrorista
1642480248447983616,EFE
1642479569750949888,Sumar2A
1642479307204296705,Sumar2A
1642476403894501377,Sumar2A
1642473658936336387,sumar
1643194181949571072,OperaciónCataluña
1643194181949571072,PresidentMas
1643193396956102656,TrobadesNL
1643189298739421185,StopRacisme
1643175169471520768,TrobadesNL
1643172980682379264,TrobadesNL
1643171988565901312,TrobadesNL
1643163968607846401,PCE
1643163968607846401,UP
1643163968607846401,26J
1643163968607846401,EnComunPodem
1645423150144839684,URGENTE
1645423014459199488,URGENTE
1645422829876260864,URGENTE
1645422681368547328,Semana
1645422261468291072,URGENTE
1645421971130179586,URGENTE
1645419722412896259,URGENTE
1645419427045752835,URGENTE
1645418507532632071,URGENTE
1645417985429979136,URGENTE
1645417672425844737,URGENTE
1645417363175624704,URGENTE
1645415751044538370,URGENTE
1645415502452256769,URGENTE
1645414143569043457,URGENTE
1645413774596136962,URGENTE
1645413678680875008,URGENTE
1645412460235464706,URGENTE
1645412139178369024,AMB
1645412139178369024,povedaculpable
1645412139178369024,Balmonculpable
1645412139178369024,Bigasculpable
1645412139178369024,catalunyaenmarxa
1645412139178369024,Baixapeu
1645411185922125824,URGENTE
1645409994643210241,URGENTE
1645409980185554945,URGENTE
1645409894865018881,URGENTE
1645408503996006402,URGENTE
1645407830927720448,URGENTE
1645407159042146307,URGENTE
1645407148745138176,URGENTE
1645406549961998338,URGENTE
1645406097107189760,URGENTE
1645405183986348032,URGENTE
1645404982194077697,URGENTE
1645404693227610113,URGENTE
1645403424874176513,URGENTE
1645402767555477505,URGENTE
1645402677394767872,URGENTE
1645402626303852549,URGENTE
1645402325190692865,URGENTE
1645400285160828930,URGENTE
1645398824335073283,URGENTE
1645398775177904130,URGENTE
1645398019750199297,URGENTE
1645397903731556354,URGENTE
1645396962865184777,URGENTE
1645396023206879238,URGENTE
1645395845502599168,URGENTE
1645395071863341057,URGENTE
1645392623002058758,URGENTE
1645391912575156225,URGENTE
1645391887879086080,URGENTE
1645389322990891012,URGENTE
1645389015783297024,URGENTE
1645388691899138052,URGENTE
1645386745771438081,URGENTE
1645386621292797955,URGENTE
1645386481249165313,URGENTE
1645386000045047809,URGENTE
1645385928737804290,URGENTE
1645385794419408896,URGENTE
1645384083332034561,URGENTE
1645384024884477956,URGENTE
1645383583509491712,URGENTE
1645383326784528385,URGENTE
1645383274431143937,URGENTE
1645383188464775170,URGENTE
1645382986123051010,URGENTE
1645382218313867264,URGENTE
1645382066614284288,URGENTE
1645381079958802433,URGENTE
1645380812202803205,URGENTE
1645380775171301377,URGENTE
1645380470912237569,URGENTE
1645379823248736257,URGENTE
1645379533393088512,URGENTE
1645378903182016512,URGENTE
1645378791059910658,URGENTE
1645378467309969408,URGENTE
1645377056476131328,URGENTE
1645376381952352259,URGENTE
1645375931064647680,URGENTE
1645375691905441792,URGENTE
1645374661679562754,URGENTE
1645374398382088192,PARERA
1645374398382088192,VALENTS
1645373496548106244,URGENTE
1645371339224629248,URGENTE
1645371124266442754,URGENTE
1645370803247095808,URGENTE
1645369837781241856,URGENTE
1645367677098029056,URGENTE
1645367234565480448,URGENTE
1645366750345666562,URGENTE
1645365968300916736,URGENTE
1645365808799809536,URGENTE
1645365074004004867,URGENTE
1645364043530510336,URGENTE
1645363468369895425,Entrevista
1645362288939892737,URGENTE
1645361430915366912,TeamVox
1645361430915366912,LevantandoEspaña
1645361430915366912,Elecciones2023
1647541520768065536,lawfare
1647541520768065536,lawfare
1647541520768065536,lawfare
1647533918831124480,CorrupcioCatalunya
1647533918831124480,ErcmerdaGate
1647521423076753408,ElFaxde8tv
1647508782593847296,BCN
1647471282219364354,14DeAbril
1647470743947444224,14DeAbril
1647400907808595971,ElFaxde8tv
1647359941437423618,ComunismoEsMiseria
1647359941437423618,XplicaLeyVivienda
1647359575127982080,Lawfare
1647358137186353155,ElFAXDe8tv
1647354824185217025,ElFaxde8tv
1647353635175628802,ElFAXDe8tv
1647353044059684864,Video
1647353044059684864,EsNoticia
1647353044059684864,Barcelona
1647352823506509824,ElFaxde8tv
1647352404940140546,Barcelona
1647350239047610368,ElFAXDe8tv
1647350134013939718,ElFaxde8tv
1647349873551745028,ElFaxde8tv
1646216032460079106,PublicAffairs
1646216032460079106,Spain
1646216000545619977,URGENTE
1646215020613623808,Barcelona
1646211675731771424,Barcelona
1646208747608457239,Barcelona
1646207598360772642,SantAndreu
1646207598360772642,CiutadansBcn
1646197070347354132,Noticiaselsiglo
1646197070347354132,noticias
1646191024400744465,Barcelona
1646186419356934145,VirgendelRocío
1646186419356934145,Huelva
1646165502098538499,Barcelona
1646160963836551169,SantAndreu
1646160963836551169,CiutadansBcn
1646153090234499076,bomberos
1646153090234499076,pasar
1646153090234499076,calles
1646153090234499076,cortadas
1646153090234499076,Colau
1646153090234499076,eleccionesmunicipales2023
1646153090234499076,eleccionsmunicipals2023
1646153090234499076,elecciones
1646144474706321409,SantAndreu
1646144474706321409,CiutadansBcn
1646143896286535682,30AnysAmbGuillem
1646140284361637889,ÚltimaHora
1646139977183506432,SantAndreu
1646139977183506432,CiutadansBcn
1646131213583761408,SantAndreu
1646131213583761408,CiutadansBcn
1646131146231627777,SantAndreu
1646131146231627777,CiutadansBcn
1646129353049231362,SantAndreu
1646129353049231362,CiutadansBcn
1643646804414672898,PlaB
1643645930636230660,PlaB
1643645920989392896,PlaB
1643645671713431554,PlaB
1643645671713431554,PropostesCUP
1643645671713431554,municipals2023
1643644976889319424,NOTICIA
1643633396029980674,LanzamientoDeSumar
1643628336806084609,Colau
1643628336806084609,Barcelona
1643628336806084609,AlcaldeTrias
1643628335627489283,Colau
1643628335627489283,TriasAlcalde
1643618828826411015,Opinión
1643616420855521287,Opinión
1643609742034579458,Opinión
1643606230873649152,Barcelona
1643606230873649152,Útils
1643606230873649152,SomBarcelona
1643606230873649152,MaragallMésQueMai
1643605172227125248,España
1643605172227125248,Europa
1643604916898873345,España
1643604916898873345,Europa
1643604245143224320,España
1643604245143224320,Europa
1643601173310496768,Opinión
1643597887937413122,ANTIRACISME
1643597887937413122,21M
1643595260415672321,Sumar
1643594722961768448,Sumar
1643592015572025349,Colau
1643592015572025349,TriasAlcalde
1643591562620813313,Cataluña
1643591562620813313,NoticiasCataluña
1643260879457198080,GobiernoCorruptoyMentiroso
1643260879457198080,irenemonterodimision
1643260879457198080,GriñanAPrision
1643260879457198080,stopinmigracionilegal
1643255147470913538,Tarragona
1643248461301653506,Independència
1643233203853860865,Barcelona
1643233203853860865,28M
1643233203853860865,libertad
1643233203853860865,EstadoDeDerecho
1643233203853860865,jóvenes
1646282624216834048,ELMÉSVIST
1646282472445861889,ÚLTIMAHORA
1646281288914022401,ÚLTIMAHORA
1646272663806005249,Barcelona
1646272508910247940,Barcelona
1646260661368881153,ÚLTIMAHORA
1646256879650193410,ELMÉSVIST
1646256566080012288,SantAndreu
1646256566080012288,CiutadansBcn
1646253864419573765,Barcelona
1646251328711323648,ÚLTIMAHORA
1646245093190381569,botxins
1646245093190381569,barcelonins
1646245093190381569,NiOblitNiPerdó
1646243358296211457,BaixLlobregat
1646235198521061376,Barcelona
1646233477023399963,NOTICIA
1646226795417485312,ELMÉSVIST
1646224997416058881,ÚltimaHora
1646224907649404935,BarcelonaSilenciosa
1646224691751682056,ÚltimaHora
1646224650752466945,ÚltimaHora
1646223044317151255,BarcelonaSilenciosa
1646220557497532418,bomberos
1646220557497532418,pasar
1646220557497532418,calles
1646220557497532418,cortadas
1646220557497532418,Colau
1646220557497532418,urbanismo
1646220557497532418,tactico
1642966524863606784,OperaciónCataluña
1642966524863606784,PresidentMas
1642962375832641549,sitocanauna
1642962375832641549,respondemostodxs
1642955595278958592,Sumar2A
1642950257909678082,Elecciones2023
1646915442160566272,URGENTE
1646915427686047748,Barcelona
1646915427686047748,dret
1646915327966470148,PolòniaTV3
1646914371111763970,Barcelona
1646914371111763970,dret
1646914371111763970,habitatge
1646914371111763970,electoral
1646914371111763970,stablishment
1646914371111763970,BarcelonaEnVenta
1646913435630804992,URGENTE
1646912925280395271,URGENTE
1646910396182216704,URGENTE
1646909931138719744,vivienda
1646909931138719744,BarnaDiario
1646909931138719744,Barcelona
1646904840365170694,elecvionunicipals
1646904840365170694,ELTURISMEMATAELSBARRIS
1646904475108425731,prostitución
1646887282413121540,28M
1646887049448882179,Barcelona
1646875936078413824,ULTIMAHORA
1646875330240561153,Barcelona
1646867407598768131,catalunyametropolitana
1646865224698413057,FerrerasGate
1646860863859486720,ENTREVISTA
1646860863859486720,EleccionsBarcelona2023
1646856922346168326,ViviendaARV
1646855948349108225,ViviendaARV
1646855151691628546,LeyVivienda
1646854164511588353,SíSePuede
1645877487187152896,SantGervasi
1645874356902592512,Municipals2023betevé
1645873371651923971,SantGervasi
1645872231699091457,SantGervasi
1645871383292055554,SantGervasi
1645870937198436352,IA
1645870937198436352,UPC
1645870560772071425,SantGervasi
1645869694489104387,SantGervasi
1645864374119313408,IA
1645864301264097299,IA
1645864301264097299,UPC
1645855316779716627,BCN
1645842295055433728,URGENTE
1645837831053377555,BCN
1645836405220712448,BCN
1645835723914739730,BCN
1645834530333261825,AdaColauSmallBrain
1645831475382583315,santacoloma
1645831475382583315,ambaccentcolomenc
1645819748603633665,IA
1645819748603633665,UPC
1647000523516837888,Barcelona
1646999674522411008,Barcelona
1646999674522411008,dret
1646994834744377344,URGENTE
1646992504330366982,URGENTE
1646991719412690945,ENTREVISTA
1646991719412690945,EleccionsBarcelona2023
1646991224933318658,Barcelona
1646991224933318658,dret
1646988544437616641,Barcelona
1646986562255691780,14Abril
1646986192586457088,Barcelona
1646984333817704451,URGENTE
1646984044167548928,URGENTE
1646983844623532039,14DeAbril
1646982473006428161,URGENTE
1646979308416811008,Barcelona
1646979308416811008,dret
1646978324466376704,Barcelona
1646976578105090048,URGENTE
1646976059194105856,URGENTE
1646970062845231104,URGENTE
1646968409479958549,14Abril
1646968106974171177,l6calcaldes
1646967149984993302,URGENTE
1646966553890508817,Eleccions2023
1646964261183258625,URGENTE
1646963609463934988,SoloQuedaVox
1646961834241544212,14Abril
1646961529022038017,URGENTE
1646958881120178180,URGENTE
1646958387903471617,14Abril
1646958041382768641,URGENTE
1646956602400952334,Barcelona
1646956602400952334,dret
1646956435723505668,URGENTE
1646954011302457348,URGENTE
1646952513227169792,PolòniaTV3
1646952110225870861,IA
1646952110225870861,UPC
1646951334376099868,URGENTE
1646951193145495577,URGENTE
1646947889472479254,URGENTE
1646945641413615637,URGENTE
1646944286829584393,URGENTE
1646943321539878914,URGENTE
1646940162314608662,Barcelona
1646940162314608662,Catalunya
1646940162314608662,Gràcia
1646940162314608662,TriasperBCN
1646939967669542926,URGENTE
1646939546431397904,Barcelona
1646939546431397904,dret
1646939053521096704,14DeAbril
1646937528950243329,URGENTE
1646936357388820480,ENTREVISTA
1646936357388820480,EleccionsBarcelona2023
1646935792667729920,URGENTE
1646935348771954692,Barcelona
1646935239866957825,Barcelona
1646935239866957825,dret
1646931988480139270,NOTICIA
1646929970092974096,URGENTE
1646928182837141515,URGENTE
1646927109648965649,OpinióLaMarina
1646926683063083025,URGENTE
1646925083645202432,Més324
1646924881450131472,URGENTE
1646924678085107733,URGENTE
1646924571109384200,URGENTE
1646924447574548509,Barcelona
1646924447574548509,dret
1646924101976457216,URGENTE
1646921607862968329,Barcelona
1646921607862968329,dret
1646921436726960128,PolòniaTV3
1646919303331995652,URGENTE
1646917929840132096,Barcelona
1646917929840132096,dret
1646916796438437899,URGENTE
1646916333991350272,URGENTE
1642600872784928772,IreneMonteroDimision
1642600872784928772,GobiernoCriminalCorruptoyMentiroso
1642600872784928772,GriñanAPrision
1642600872784928772,stopinmigracionilegal
1642597499281063936,Sumar2A
1642597124800933895,Ecoterrorista
1642594873525116930,YoConPodemos
1642590490217312256,Sumar
1642590490217312256,España
1645704385811435521,trasparencia
1645698707311022081,URGENTE
1645698393648267266,URGENTE
1645696992079925249,URGENTE
1645693697810415616,HiHaAlternativa
1645693697810415616,LaCiutatSónLesPersones
1645692761809510403,URGENTE
1645688836456890369,URGENTE
1645686739011338240,URGENTE
1645683210930601992,ForaColau
1645682334857940992,URGENTE
1645681770367524866,URGENTE
1645680853417164800,Barcelona
1645680853417164800,MercedesBenz
1645680853417164800,ecodistrito
1645680853417164800,SantAndreu
1645677344772747264,URGENTE
1645676204765204481,URGENTE
1645675149184716800,URGENTE
1645670137792536576,URGENTE
1645669753879425024,URGENTE
1645668000945545216,28M
1645667684867096576,URGENTE
1645664710891585536,URGENTE
1645663511400333312,URGENTE
1645650080530067456,trasparencia
1645646725346914304,trasparencia
1645643277826236418,URGENTE
1645578836728512512,URGENTE
1645572690860986368,URGENTE
1645566870203031553,URGENTE
1645566677294395392,URGENTE
1645812231408615424,URGENTE
1645811879665885186,BCN
1645808933448355843,Barcelona
1645806723570204681,IA
1645806723570204681,UPC
1645798373407203335,BCN
1645793415349809152,IA
1645790462710808577,AMB
1645788023328755713,BCN
1645787901459054596,URGENTE
1645787155728601088,PARERA
1645787155728601088,VALENTS
1645787018767769603,IA
1645787018767769603,UPC
1645781545205088256,URGENTE
1645780859805396992,BCN
1645778956837109760,BCN
1643588185631408128,Sumar
1643582350675025921,Opinión
1643577193635672065,Opinión
1643575438487306240,PSC
1643575438487306240,Colau
1643575438487306240,ERC
1643568342647595008,Opinión
1643561641626181635,Opinión
1643558065101328384,Diba
1643557782300377090,Opinión
1643555047790239746,Opinión
1643551344827981825,CUP
1643551344827981825,Barcelona
1643551344827981825,Cataluña
1643548787426619392,Opinión
1642635184146194432,DomingoDeRamos
1642635184146194432,ConexiónHonduras5
1642635184146194432,CuartoMilenio
1642635177737289728,DomingoDeRamos
1642635177737289728,ConexiónHonduras5
1642635177737289728,CuartoMilenio
1642634413941956608,DomingoDeRamos
1642634413941956608,ConexiónHonduras5
1642634413941956608,CuartoMilenio
1642634152078897154,DomingoDeRamos
1642634152078897154,ConexiónHonduras5
1642634152078897154,CuartoMilenio
1642633651308355584,Sumar
1642631540592050181,CuartoMilenio
1642630621460680705,OperaciónCataluña
1642630621460680705,PresidentMas
1642625135256522753,QueTeVoteTxapote
1644672906985603073,Barcelona
1644672906985603073,SábadoDeGanarSeguidores
1644661804499435520,XavierTrias
1644655194972487681,CampanyaElectoraldelPoble
1644649266470694918,Barcelona
1644649266470694918,BarnaDiario
1644649266470694918,Elecciones2023
1644629244159328256,Barcelona
1644619883865317377,valents
1644619883865317377,cataluña
1644619883865317377,catalunya
1644617133521879041,Opinión
1644605630127251459,CampanyaElectotaldelPoble
1644605306981302273,CampanyaElectotaldelPoble
1644605296218611712,Barcelona
1644593462879158273,YoConPodemos
1644593462879158273,YoConPodemosSiempre
1644593462879158273,Sumar2A
1644593452338802688,Barcelona
1644589893233037314,28M
1644589893233037314,Elecciones2023
1644587168398991360,Opinión
1644579397704335361,Opinión
1644560734469206017,Opinión
1644545888814088193,Opinión
1644534973288816641,Opinión
1644532083233116162,Opinión
1644530501825466369,Opinión
1644520840237596673,Opinión
1644516228113768448,DragRace
1644509777542692864,123INFO
1644462997052456961,Opinión
1644461693559291906,Opinión
1644447398071083014,Opinión
1644444633743728641,Opinión
1644443765845753856,Opinión
1644441702738849833,Opinión
1644441163250692114,Opinión
1644433169364447264,valents
1644433169364447264,cataluña
1644433169364447264,catalunya
1644431990563696657,yoapoyoalgobierno
1643727573237616642,colauout
1643727573237616642,adacolauout
1643721213775159299,TrobadesNL
1643719524573691908,CopaDelRey
1643718810879533063,ElClasico
1643707169949319174,PlaB
1643699982384373768,ultraderecha
1643699982384373768,Valents
1643691659673100309,Colau
1643691659673100309,TriasAlcalde
1643687872468328475,Opinión
1643683957228158976,Opinión
1643682115102416924,Opinión
1643676301218258976,EnMarxa
1643661240504287242,PlaB
1643660201675956224,Opinión
1643660007504740374,LanzamientoDeSumar
1643655564088492033,Castelldefels
1643655477102772228,Sumar
1642165237963956225,AixíNo
1642161116670222336,Barcelona
1642135043630854144,alcaldecollboni
1642104821468602368,28M
1642104002421706752,28M
1642103652193128448,28M
1642090648550486021,NOTICIA
1642086842018279432,LaRambla
1642086842018279432,Raval
1642086842018279432,Diagonal
1642086785047048192,Podemos
1642086785047048192,Coherencia
1642084706752638976,Tripartit2_0
1643542571128438784,Opinión
1643542202469982213,Opinión
1643539109728665600,Opinión
1643537910694649856,Opinión
1643537726707232769,DavidMadí
1643537726707232769,AdaColau
1643537242332311554,Opinión
1643536649618354178,Opinión
1643536297963732992,DavidMadí
1643536297963732992,AdaColau
1643536260353368064,Opinión
1643535124150071297,Colau
1643535124150071297,TriasAlcalde
1643531983081857024,Barcelona
1643531983081857024,AdaColau
1643530470603345920,YoconPodemos
1643529183606218753,Barcelona
1643529183606218753,AdaColau
1643513379917639680,YoconPodemos
1647348155535482883,Video
1647348155535482883,EsNoticia
1647348155535482883,Barcelona
1647346890885722112,ElFaxde8tv
1647345195615154177,ElFAXDe8tv
1647345164346703873,ElFAXDe8tv
1647344953352126467,ElFAXDe8tv
1647344385317564423,ElFaxde8tv
1647344193205927936,ElFaxDe8tv
1647344045503676417,ENTREVISTA
1647344045503676417,EleccionsBarcelona2023
1647343932261449728,ElFaxde8tv
1647343870387134464,elfaxde8tv
1647343720201695233,ElFaxde8tv
1647343674357870597,elfaxde8tv
1647343264704393217,ElFaxde8tv
1647343142050381826,elfaxde8tv
1647307142150406144,noespodiasaber
1647279648978468864,Barcelona
1647279168344715265,Influencers
1647274776384217089,Barcelona
1647274776384217089,BarnaDiario
1647267267003006977,Vic
1647266584698732545,Vic
1647266584698732545,RecuperemVic
1647266584698732545,Osona
1646799187789398018,LaVinyeta
1646798456105598976,Video
1646798456105598976,EsNoticia
1646798456105598976,Barcelona
1646792683581591552,NOESPOT
1646789568610353152,SantCugat
1646788069712863233,ULTIMAHORA
1646787554480381959,PolòniaTV3
1646787365153669122,Barcelona
1646784947913388032,CTESC
1646784894251433984,Barcelona
1646784719512543233,Eleccions2023
1646784239231201280,Barcelona
1646783755422519297,CiutatVella
1646782274367520769,ENTREVISTA
1646781472269803520,ViscaLaRepública
1646780290721890305,PolòniaTV3
1646778282816184320,PolòniaTV3
1646778263597903873,CTESC
1646776928764928000,Barcelona
1647751097929310208,NoSomosTontos
1647741794464026625,LoDeYolanda
1647740750166208513,Expansioncom
1647734827746041856,Barcelona
1647732803423936514,ÚLTIMAHORA
1647725832977129474,mesingular
1647723945238380544,Barcelona
1647719289061818370,Expansioncom
1647715105172275200,LoDeYolanda
1647713715389693953,LoDeYolanda
1647713715389693953,España
1647713715389693953,UnidasPODEMOS
1647713715389693953,Sumar
1647713290544467970,Barcelona
1647709724081635335,Expansioncom
1647708478025224192,ÚLTIMAHORA
1647704020910329856,loharemos
1647703618726903811,loharemos
1647698249489285122,loharemos
1647696772024750081,Barcelona
1647695893339013121,ÚLTIMAHORA
1647695622600884226,Lawfare
1647694636293423104,ÚLTIMAHORA
1647692661527044099,loharemos
1647692509831626754,Barcelona
1647691946415063041,Barcelona
1647689981035442176,Barcelona
1647689458014093316,Barcelona
1647689031575121923,Barcelona
1647687741742673928,loharemos
1647684145395429376,loharemos
1647682162727026691,loharemos
1647682161883922435,loharemos
1647680834508406784,loharemos
1647679747021848576,loharemos
1647679730248740864,loharemos
1647679438635651072,loharemos
1647679438635651072,foracolau
1647679438635651072,desokupembarcelona
1647679314886836224,loharemos
1647679314886836224,foracolau
1647679314886836224,desokupembarcelona
1647676413527334912,MésSingulars
1647675768074321920,ÚLTIMAHORA
1647675574503047169,URGENTE
1647671543256829953,MésSingulars
1647670106195910657,ÚLTIMAHORA
1647660863480909825,NOTICIA
1647660237082509320,Expansioncom
1647659881027993601,lawfare
1647659015642529793,Barcelona
1647658337813639170,lawfare
1647657166709424129,Expansioncom
1647655578049695749,Expansioncom
1647653159370735616,Expansioncom
1647648574706941954,ULTIMAHORA
1647648285019045891,ÚLTIMAHORA
1647644802811396097,MésSingulars
1647636604016635919,ENTREVISTA
1645036693907537922,BLM
1645022379389726720,inforac1
1645018542578847745,Entrevista
1645014581683666944,Entrevista
1645012265727414274,Rocafonda
1645012265727414274,Mataró
1645011527471177728,BLM
1645010439930101760,Entrevista
1645010409529786368,Entrevista
1645006218442821632,Entrevista
1645005951408168960,Entrevista
1645005917665087495,Entrevista
1645005835716706304,Entrevista
1645003037969096705,Entrevista
1645000911993839618,Entrevista
1644999186314588160,Entrevista
1644999157290000384,Entrevista
1644998094688272387,Entrevista
1644996649565954049,Entrevista
1644996546881101824,Entrevista
1644996195129913344,Entrevista
1644996075986513921,Entrevista
1644992504276631553,valents
1644992504276631553,cataluña
1644992504276631553,catalunya
1644989941779251200,inforac1
1644987245563113472,Barcelona
1644955177714163712,BLM
1644954753628008449,BLM
1644954753628008449,Soros
1642895225818423296,sitocanauna
1642895225818423296,respondemostodxs
1642887270754656257,Parlament
1642887270754656257,NoPassaran
1642887270754656257,ProuRacisme
1642887270754656257,ProuMasclisme
1642883747488882691,sitocanauna
1642883747488882691,respondemostodxs
1643308686549327897,ESPAÑA
1643306177923538954,sitoquenauna
1643306177923538954,responemtotxs
1643303166002225172,Colau
1643303166002225172,TriasAlcalde
1643302007913041920,sitoquenauna
1643302007913041920,responemtotxs
1643302007913041920,solanogermana
1643298082891657216,FrauColau
1643297697799995392,Colau
1643297697799995392,Barcelona
1643297697799995392,AlcaldeTrias
1643297678317477892,Colau
1643297678317477892,TriasAlcalde
1643297038010834961,Colau
1643297038010834961,TriasAlcalde
1643296868036665349,YoconPodemos
1643294874039377955,Colau
1643294874039377955,TriasAlcalde
1643294416105267204,YoconPodemos
1643294276854374426,Colau
1643294276854374426,Barcelona
1643294276854374426,AlcaldeTrias
1643294264019804167,Colau
1643294264019804167,TriasAlcalde
1643292022764101633,TrobadesNL
1643291826718228481,Colau
1643291826718228481,Barcelona
1643291826718228481,AlcaldeTrias
1643278628476665856,GobiernoCorruptoyMentiroso
1643278628476665856,irenemonterodimision
1643278552299601921,Elecciones2023
1643277673865654272,Restar
1643277673865654272,ConRestarNiAHeredar
1643277673865654272,AdaSeHaColau
1643275650818555905,elecciones
1643275650818555905,Barcelona
1647251615928164356,URGENTE
1647248636084985859,NOTICIA
1647248308396515328,URGENTE
1647243738727559170,URGENTE
1647239462286422018,ENTREVISTA
1647238351659909126,ENTREVISTA
1647238351659909126,EleccionsBarcelona2023
1647236805064904704,Barcelona
1647226636343934977,Barcelona
1647225835710021632,Barcelona
1647225753849810944,FracasadosCs
1647224334732107777,URGENTE
1647223026784559104,URGENTE
1642906915188424704,OperaciónCataluña
1642906915188424704,PresidentMas
1642906321388175371,Sumar2A
1642906321388175371,Sumar
1642901917650108419,sitocanauna
1642901917650108419,respondemostodxs
1642897212249178112,ESPAÑA
1642948222174765075,sitocanauna
1642948222174765075,respondemostodxs
1642939277406355477,Anna
1642939277406355477,Grau
1642939277406355477,Ciudadanos
1642939277406355477,candidata
1642939277406355477,alcaldia
1642939277406355477,eleccionesmunicipales2023
1642939277406355477,eleccionsmunicipals2023
1642939277406355477,elecciones
1642939277406355477,municipales
1642939277406355477,Barcelona
1642939277406355477,España
1642939277406355477,ayuntamiento
1642939277406355477,ajuntament
1642939277406355477,foraColau
1642939277406355477,fueraColau
1642939277406355477,stopColau
1642939277406355477,bcn2023
1642939277406355477,Barcelona2023
1642939277406355477,28Mayo
1642870023424299008,ESPAÑA
1642868929163919362,OperaciónCataluña
1642868929163919362,PresidentMas
1642868924751523841,SpainIsAFascistState
1642866725552095233,sitocanauna
1642866725552095233,respondemostodxs
1642866725552095233,solanohermana
1642863278593286144,España
1642857859057606660,Entrevista
1643011646426689540,ESPAÑA
1643003680357007362,sitocanauna
1643003680357007362,respondemostodxs
1643001594428915717,SUMAR
1643909927662940162,Barcelona
1643905458158092288,Opinión
1643896783985057792,Barcelona
1643890841306509313,Barcelona
1643890338069635072,Barcelona
1643889210544254976,Barcelona
1643875347040010240,ecodistrito
1643875347040010240,sincoches
1643875347040010240,barcelona
1643871095194370048,Opinión
1643867382450880512,Opinión
1643864405593948162,Opinión
1643862249956687873,ecodistrito
1643862249956687873,sincoches
1643862249956687873,barcelona
1643862249956687873,ciudadessostenibles
1643855973956694017,TrobadesNL
1643849483187257345,Opinión
1643740433145815041,Colau
1643740433145815041,Trias
1643740433145815041,Suïssa
1643740290413641729,Colau
1643740290413641729,TriasAlcalde
1644062150141399052,Barcelona
1644056868187262986,PlaB
1644045808365367318,leyantiocupasYAA
1644045305162133507,leyantiocupas
1644043795053572096,NoalaLeydelaVivienda
1644043795053572096,leyantiocupas
1644043795053572096,NoAlquilo
1644002975017213952,CuidaLoTuyo
1644002975017213952,RecuperemosCataluña
1644002975017213952,EspañaViva
1644002975017213952,catalunya
1644002975017213952,voxespaña
1642882510840295425,sitocanauna
1642882510840295425,respondemostodxs
1642882051425566722,sitocanauna
1642882051425566722,respondemostodxs
1642880196448780288,YolandaPresidenta
1642878533780361216,ESPAÑA
1642875724699713536,ESPAÑA
1643988186581057536,TikTok
1643986403209117700,fueraconcesionesya
1643986403209117700,monbusesunpeligro
1643983058964709382,Colauades
1643977449599012864,Barcelona
1643975478280179712,CuidaLoTuyo
1643975478280179712,RecuperemosCataluña
1643975478280179712,EspañaViva
1643975478280179712,catalunya
1643975478280179712,voxespaña
1643975478280179712,santvicençdecastellet
1643975478280179712,LaAlternativa
1643975478280179712,UrgenteCompartir
1643975478280179712,cat
1643975478280179712,bages
1643975478280179712,españa
1643975478280179712,SoloQuedaVOX
1643975478280179712,menas
1643975478280179712,abascal
1643975478280179712,españadecide
1643975478280179712,samuelvazquez
1643975478280179712,igualdad
1643975478280179712,NoAgenda2030
1643974825201770496,Barcelona
1643974513846099968,Barcelona
1643963067527561222,Colauades
1643963067527561222,CupTsDeGambals
1643963067527561222,ERquis
1643961521167548416,Opinión
1643961345572757504,Colauades
1643958516388970496,Colauades
1643958428375678977,PlaB
1643948714396975104,YOVOTOPODEMOS
1643938546368094213,vergonya
1643932549490655233,Opinión
1643931470891720705,PlaB
1643925723571159041,Barcelona
1643923646459662337,España
1643923646459662337,Murcia
1643922406665273349,Opinión
1646015143837421568,AMB
1646015143837421568,POVEDA
1646015143837421568,BIGAS
1646015143837421568,BALMON
1646015143837421568,COLAU
1646015143837421568,vergonya
1646015143837421568,santboi
1646015143837421568,busbaix
1646015143837421568,baixllobregat
1646015143837421568,asinosepuede
1646015143837421568,concesionesdelaverguenza
1646015143837421568,bus
1646000604970352640,BCN
1645928386106105856,AdaColauDimision
1645916938328223746,SantGervasi
1645906523304992772,Palestine
1645906523304992772,FSGOUT
1645906523304992772,MiaSanMia
1645906523304992772,TierraDeNadie6
1645906030163816452,Palestine
1645906030163816452,FSGOUT
1645906030163816452,MiaSanMia
1645906030163816452,TierraDeNadie6
1645901363954561026,SantGervasi
1645898441720049664,BCN
1645895810054500352,SantGervasi
1645889515620388864,SantGervasi
1645888052022194182,SantGervasi
1645885881331470336,SantGervasi
1645885329574854658,SantGervasi
1645885176717737986,SantGervasi
1645885031108210690,SantGervasi
1645884123876130817,IA
1645884123876130817,UPC
1642993055933292545,OperaciónCataluña
1642993055933292545,PresidentMas
1642985678027001858,sitocanauna
1642985678027001858,respondemostodxs
1645480858369785870,URGENTE
1645479528712503303,URGENTE
1645477762868576290,URGENTE
1645476310540509184,URGENTE
1645472484920000532,URGENTE
1645471793514201089,URGENTE
1645471771229814810,URGENTE
1645471237697576960,URGENTE
1645470454239330315,URGENTE
1645470083265724422,URGENTE
1645468441309065217,URGENTE
1645466673682448404,URGENTE
1645465011890814980,URGENTE
1645462537482149889,URGENTE
1645462512236654594,URGENTE
1645462296074895361,URGENTE
1645460958708391936,URGENTE
1645460915234516994,URGENTE
1645460431211732992,URGENTE
1645459076640387074,URGENTE
1645458584015196160,URGENTE
1645455790554136576,URGENTE
1645454756075151362,URGENTE
1645454267526807552,URGENTE
1645452762379956228,URGENTE
1645451833387675649,URGENTE
1645451520916299779,URGENTE
1645451098512056320,URGENTE
1645450197642649600,URGENTE
1645449019466952710,URGENTE
1645448241842929664,URGENTE
1645447754645229570,URGENTE
1645446731553800193,URGENTE
1645446328221065217,URGENTE
1645445601645977601,URGENTE
1645445240667373570,URGENTE
1645445116214104064,NoMasComunismo
1645445005555662849,URGENTE
1645444477392175104,NOTICIA
1645444266959699968,URGENTE
1645443647498756097,URGENTE
1645443452073566210,URGENTE
1645442422078414856,URGENTE
1645442292843524098,URGENTE
1645441778617667585,URGENTE
1645440939236773888,URGENTE
1645440920395866112,URGENTE
1645440546188525568,Entrevista
1645440536168345600,URGENTE
1645440311412367360,URGENTE
1645439759437778946,URGENTE
1645435969447895040,URGENTE
1645435709480742915,URGENTE
1645434463449411584,URGENTE
1645434103011897345,URGENTE
1645433409131429891,URGENTE
1645433255842152448,URGENTE
1645432844045385728,URGENTE
1645432801963962369,URGENTE
1645432477274472451,URGENTE
1645430415191162881,URGENTE
1645430009492807681,Entrevista
1645428648265097217,URGENTE
1645427045185343489,URGENTE
1645426133121347584,URGENTE
1645425942481756160,URGENTE
1642331412836634626,ElFaxde8TV
1642296524926222338,ElFaxde8TV
1642295888075710466,ElFaxde8TV
1642295775517462528,ElFaxde8TV
1642295662266970114,ElFaxde8TV
1642295326299004930,ElFaxde8TV
1642272788332380160,AquíParlem
1642272788332380160,BCN
1642267573499621376,CsTerrassa
1642261898593804289,CsTerrassa
1642251333506932740,CsTerrassa
1642244988019802114,Barcelona
1642241670627336194,AquíParlem
1642241670627336194,BCN
1646431934531219457,SantCugat
1646423955383676932,Barcelona
1646422391910744065,SantCugat
1646419943921991680,URGENTE
1646419101974134784,IA
1646412400424304640,BCNvsLobbies
1646412400424304640,NoPassaran
1646411132934975488,IA
1646411132934975488,UPC
1646409191605563401,pijoprogresdemerda
1646395396682399745,inforac1
1646392966439743490,IA
1646392966439743490,UPC
1646372100683300864,Barcelona
1646320260352466946,Barcelona
1646307082918846465,ÚLTIMAHORA
1646305202738167808,ELMÉSVIST
1646303325334167552,ELMÉSVIST
1646302110001123328,ÚLTIMAHORA
1646127015215480832,Barcelona
1646121910445506561,BCN
1646120318463770627,HECD
1646120318463770627,Noticias
1646120318463770627,climáticas
1646120318463770627,Colau
1646120318463770627,Ecodistrito
1646118764067315715,SantAndreu
1646118764067315715,CiutadansBcn
1646116774771937282,SantAndreu
1646116774771937282,CiutadansBcn
1646115536919486467,SantAndreu
1646115536919486467,CiutadansBcn
1646114966682886145,SantAndreu
1646114966682886145,CiutadansBcn
1646114663849947137,SantAndreu
1646114663849947137,CiutadansBcn
1646114429656866816,SantAndreu
1646114429656866816,CiutadansBcn
1646114149980680192,SantAndreu
1646114149980680192,CiutadansBcn
1646114149980680192,PorTiPorBarcelona
1646111023613476865,PARERA
1646111023613476865,VALENTS
1646093837473914880,ÚltimaHora
1646092862960943105,virgendelrocio
1646092862960943105,TV3
1646080008824209408,BCN
1646075674828980224,URGENTE
1646067289198936064,Barcelona
1646063462622085121,ÚltimaHora
1646062671119241216,ÚltimaHora
1646056775316127744,municipalsTaula
1646050546032291840,IA
1646050546032291840,UPC
1646049745314381824,BCN
1646048321780285442,URGENTE
1646048161008439299,BCN
1646041606183608322,BCN
1646040909560020993,BoicotProductosCatalanes
1646040545637146625,BCN
1646039031107448832,BCN
1642618764591083520,Ecoterrorista
1642618240617594883,Comunismo
1642618240617594883,Sumar2A
1642618240617594883,BuenasNoches
1642617902590246913,Comunismo
1642617902590246913,Sumar2A
1642617902590246913,BuenasNoches
1642617266410778626,Comunismo
1642617266410778626,Sumar2A
1642617266410778626,BuenasNoches
1642614908561784834,BCN
1642614395606904833,CsTerrassa
1642611839556018179,IreneMonteroDimision
1642611839556018179,GobiernoCriminalCorruptoyMentiroso
1642611839556018179,GriñanAPrision
1642611428635947008,EnMarxa
1642611022778302471,IreneMonteroDimision
1642611022778302471,GobiernoCriminalCorruptoyMentiroso
1642611022778302471,GriñanAPrision
1642604374470819840,ElFaxde8TV
1642843249759887361,28M
1642843249759887361,Elecciones2023
1642843249759887361,Barcelona
1642843249759887361,BarnaDiario
1642842966468198400,FelizLunes
1642842966468198400,Sumar2A
1642841403888680960,Ecoterrorista
1642841217904922626,ESPAÑA
1642839474710237185,ESPAÑA
1642837029745483778,ESPAÑA
1642836590383751172,ESPAÑA
1644411995570020377,ESPAÑA
1644377980108521474,valents
1644377980108521474,cataluña
1644377980108521474,catalunya
1644373573924945923,valents
1644373573924945923,cataluña
1644373573924945923,catalunya
1644363400796061696,28M
1644363400796061696,Elecciones2023
1644358361008283650,28M
1644358361008283650,Elecciones2023
1644357606612377602,yoapoyoalgobierno
1644355832560197632,Barcelona
1644349486532009984,valents
1644349486532009984,cataluña
1644349486532009984,catalunya
1644349079617404929,CampanyaElectotaldelPoble
1644346000423755783,Opinión
1644342253484163074,valents
1644342253484163074,cataluña
1644342253484163074,catalunya
1644341606059761670,AMB
1644334028089065475,yoapoyoalgobierno
